<map proto="1.4.0">
<name>TNT Floor</name>
<version>1.0.0</version>
<objective>Shoot out the TNT under the other team to win!</objective>
<gamemode>arcade</gamemode>
<authors>
    <author>AVVERSION</author>
</authors>
<contributors>
    <contributor contribution="XML">Crazy_</contributor>
</contributors>
<teams>
    <team id="red" color="dark red" max="3">Red</team>
    <team id="blue" color="blue" max="3">Blue</team>
</teams>
<kits>
    <kit id="play">
        <item slot="0" enchantment="arrow infinite;flame">bow</item>
        <item slot="28">arrow</item>
        <gamemode>adventure</gamemode>
    </kit>
</kits>
<spawns>
    <spawn team="red" kit="play" yaw="135">
        <region><point>-138.5,116,-784.5</point></region>
    </spawn>
    <spawn team="blue" kit="play" yaw="-45">
        <region><point>-159.5,116,-805.5</point></region>
    </spawn>
    <default>
        <region><point>-148,117,-794</point></region>
    </default>
</spawns>
<blitz>
    <lives>1</lives>
</blitz>
<hunger>
    <depletion>off</depletion>
</hunger>
<disabledamage>
    <damage>fall</damage>
</disabledamage>
</map>
